-- phpMyAdmin SQL Dump
-- version 4.7.4
-- https://www.phpmyadmin.net/
--
-- Хост: 127.0.0.1
-- Время создания: Окт 07 2018 г., 10:57
-- Версия сервера: 10.1.29-MariaDB
-- Версия PHP: 7.2.0

SET SQL_MODE = "NO_AUTO_VALUE_ON_ZERO";
SET AUTOCOMMIT = 0;
START TRANSACTION;
SET time_zone = "+00:00";


/*!40101 SET @OLD_CHARACTER_SET_CLIENT=@@CHARACTER_SET_CLIENT */;
/*!40101 SET @OLD_CHARACTER_SET_RESULTS=@@CHARACTER_SET_RESULTS */;
/*!40101 SET @OLD_COLLATION_CONNECTION=@@COLLATION_CONNECTION */;
/*!40101 SET NAMES utf8mb4 */;

--
-- База данных: `diplom`
--

-- --------------------------------------------------------

--
-- Структура таблицы `answers`
--

CREATE TABLE `answers` (
  `id` int(10) UNSIGNED NOT NULL,
  `answer` text COLLATE utf8mb4_unicode_ci NOT NULL,
  `question_id` int(11) NOT NULL,
  `admin_id` int(11) NOT NULL,
  `created_at` timestamp NULL DEFAULT NULL,
  `updated_at` timestamp NULL DEFAULT NULL
) ENGINE=InnoDB DEFAULT CHARSET=utf8mb4 COLLATE=utf8mb4_unicode_ci;

--
-- Дамп данных таблицы `answers`
--

INSERT INTO `answers` (`id`, `answer`, `question_id`, `admin_id`, `created_at`, `updated_at`) VALUES
(1, 'Далеко-далеко, в не замеченных картографами складках давно вышедшего из моды Западного Спирального Рукава Галактики, затерялась крохотная, никому не интересная желтая звезда.', 1, 1, '2018-10-06 19:18:29', '2018-10-06 19:18:29'),
(2, 'Вокруг нее, на расстоянии примерно девяноста восьми миллионов миль, обращается ничтожная зелено-голубая планетка, обитатели которой все еще очень похожи на своих предков-обезьян – достаточно сказать, что электронные часы до сих пор считаются у них чудом техники.', 2, 1, '2018-10-06 19:18:29', '2018-10-06 19:18:29'),
(3, 'У этой планеты есть – вернее, была – одна проблема: большинство живущих на ней людей только и делали, что страдали, так как не находили в жизни счастья. ', 3, 1, '2018-10-06 19:18:29', '2018-10-06 19:18:29'),
(4, 'Рождалось множество решений, но почти все они сводились к перераспределению маленьких зеленых клочков бумаги – что само по себе весьма странно, так как кто-кто, а маленькие зеленые клочки бумаги никаких страданий не испытывали, ибо счастья не искали.', 4, 1, '2018-10-06 19:18:29', '2018-10-06 19:18:29'),
(5, 'Решение все никак не находилось, и планета полнилась озлобленными людьми, для большинства из которых ощущение несчастья было постоянным, и даже электронные часы не скрашивали им жизнь.', 5, 1, '2018-10-06 19:18:29', '2018-10-06 19:18:29'),
(6, 'Постепенно распространялось и крепло убеждение, что все несчастья пошли с того, как люди спустились с деревьев на землю. А кое-кто даже полагал, что ошибка была совершена еще раньше – с деревьями тоже нечего было связываться и вообще незачем было вылезать из океана.', 6, 1, '2018-10-06 19:18:29', '2018-10-06 19:18:29'),
(7, 'И вот как-то в четверг, после дождя, спустя почти две тысячи лет после того, как одного человека приколотили гвоздями к дереву за то, что он призывал хотя бы иногда, просто для разнообразия, относиться друг к другу по-хорошему, некая девушка, сидя в одиночестве за столиком маленького кафе в Рикмансворте, вдруг додумалась, в чем была вся загвоздка и каким образом мир все-таки можно сделать обителью счастья и покоя. ', 7, 1, '2018-10-06 19:18:29', '2018-10-06 19:18:29'),
(8, 'На сей раз дело в шляпе, все непременно получится – и никаких гвоздей и приколачиваний живых людей к деревьям и прочим предметам!', 8, 1, '2018-10-06 19:18:29', '2018-10-06 19:18:29'),
(9, 'К сожалению, не успела она дойти до телефона, чтобы поделиться с кем-нибудь своим открытием, произошла чудовищно нелепая катастрофа, и решение было навсегда потеряно.', 9, 1, '2018-10-06 19:18:29', '2018-10-06 19:18:29'),
(10, 'Впрочем, история, которую я собираюсь вам поведать, не о девушке. Это история о чудовищно нелепой катастрофе и некоторых ее последствиях.', 10, 1, '2018-10-06 19:18:29', '2018-10-06 19:18:29'),
(11, 'Также это история о книге. О книге под названием «Автостопом по Галактике: Путеводитель вольного странника», в обиходе именуемой просто «Путеводитель» – книге, написанной не на Земле, никогда на Земле не публиковавшейся и до катастрофы неизвестной ни одному землянину. Тем не менее это замечательная книга.', 11, 1, '2018-10-06 19:18:29', '2018-10-06 19:18:29'),
(12, 'Пожалуй, это самое замечательное из всех изданий грандиозной Издательской корпорации Малой Медведицы – также неизвестной ни одному землянину.', 12, 1, '2018-10-06 19:18:29', '2018-10-06 19:18:29'),
(13, 'Книга пользуется огромным спросом, оставив далеко позади «Межзвездный сборник советов по домоводству»; раскупается гораздо быстрее, чем «Еще 53 способа скоротать время в невесомости», и вызывает еще больше споров и толков, чем философская трилогия «Где Господь сбился с пути», «Основные ошибки Господа Бога» и «Да кто он в конце концов такой, этот Господь Бог?!»', 13, 1, '2018-10-06 19:18:29', '2018-10-06 19:18:29'),
(14, 'В просвещенных и расслабленных цивилизациях Внешнего Восточного Кольца Галактики «Путеводитель» вытеснил даже великую «Большую Галактическую Энциклопедию» в качестве общепризнанного кладезя мудрости и знаний. Ибо, несмотря на обилие пропусков и вопиюще искаженной, а то и просто-напросто апокрифической информации, «Путеводитель» обладает двумя важнейшими преимуществами перед «Энциклопедией».', 14, 1, '2018-10-06 19:18:29', '2018-10-06 19:18:29'),
(15, 'Во-первых, он дешевле. Во-вторых, на титульном листе крупными буквами выведены сакраментальные слова: «НЕ ПАНИКУЙ».', 15, 1, '2018-10-06 19:18:29', '2018-10-06 19:18:29'),
(16, 'Но история о том чудовищно нелепом четверге, его удивительных последствиях и о роли, которую сыграла во всем этом вышеназванная замечательная книга, – так вот, эта история начинается довольно банально.', 16, 1, '2018-10-06 19:18:29', '2018-10-06 19:18:29'),
(17, 'Дом стоял на небольшой возвышенности на самом краю поселка. Он был ничем не примечателен – построенный лет тридцать назад, кирпичный, маленький, невзрачный, с четырьмя окнами на фасаде. ', 17, 1, '2018-10-06 19:18:29', '2018-10-06 19:18:29'),
(18, 'Словом, один из тех, от которых тут же хочется отвести взгляд. Единственным человеком, полюбившим это чахлое строение, был Артур Дент, да и то лишь потому, что жил в нем. Жил уже три года, с тех пор как уехал из Лондона – Лондон был вреден для его нервной системы.', 18, 1, '2018-10-06 19:18:29', '2018-10-06 19:18:29'),
(19, 'От роду Артуру было столько же, сколько и дому, – около тридцати. Высокий, темноволосый, он вечно был не в ладах с самим собой. Заботило его больше всего то, что люди постоянно приставали к нему с расспросами, почему это у него такой озабоченный вид. Он работал на местной радиостанции, что, как твердил Артур своим знакомым, гораздо интереснее, чем все думают. И был совершенно прав – большинство его знакомых работали в рекламе.', 19, 1, '2018-10-06 19:18:29', '2018-10-06 19:18:29'),
(20, 'В среду ночью лил дождь, лужайка раскисла и потекла, но на следующее утро облака разошлись, и солнце ярко осветило дом Артура Дента – как выяснилось, в последний раз.', 20, 1, '2018-10-06 19:18:29', '2018-10-06 19:18:29'),
(21, 'Артуру все еще было невдомек, что муниципалитет принял решение снести его дом и проложить на этом месте скоростное шоссе.', 21, 1, '2018-10-06 19:18:29', '2018-10-06 19:18:29'),
(22, 'В четверг в восемь часов утра Артур чувствовал себя далеко не блестяще. Он едва разлепил веки, с трудом обошел комнату, открыл окно, увидел бульдозер, нашел тапочки и поплелся в ванную.', 22, 1, '2018-10-06 19:18:29', '2018-10-06 19:18:29'),
(23, 'Склонившись над раковиной, Артур машинально почистил зубы.', 23, 1, '2018-10-06 19:18:29', '2018-10-06 19:18:29'),
(24, 'Зеркало для бритья отражало потолок. Поправил зеркало – и на секунду, через окно в ванной, оно отразило второй бульдозер. Установленное правильно, оно отразило щетину на лице Артура Дента. Артур побрился, плеснул в лицо водой, вытерся и зашлепал на кухню.', 24, 1, '2018-10-06 19:18:29', '2018-10-06 19:18:29'),
(25, 'Чайник, розетка, холодильник, молоко, кофе. Зевок.', 25, 1, '2018-10-06 19:18:29', '2018-10-06 19:18:29'),
(26, 'На какой-то миг в поисках ассоциативных связей в голове всплыло слово «бульдозер».', 26, 1, '2018-10-06 19:18:29', '2018-10-06 19:18:29'),
(27, 'Бульдозер за окном кухни казался громадным.', 27, 1, '2018-10-06 19:18:29', '2018-10-06 19:18:29');

-- --------------------------------------------------------

--
-- Структура таблицы `categories`
--

CREATE TABLE `categories` (
  `id` int(10) UNSIGNED NOT NULL,
  `name` varchar(191) COLLATE utf8mb4_unicode_ci NOT NULL,
  `created_at` timestamp NULL DEFAULT NULL,
  `updated_at` timestamp NULL DEFAULT NULL
) ENGINE=InnoDB DEFAULT CHARSET=utf8mb4 COLLATE=utf8mb4_unicode_ci;

--
-- Дамп данных таблицы `categories`
--

INSERT INTO `categories` (`id`, `name`, `created_at`, `updated_at`) VALUES
(1, 'Категория 1', NULL, NULL),
(2, 'Категория 2', NULL, NULL),
(3, 'Категория 3', NULL, NULL),
(4, 'Категория 4', NULL, NULL),
(5, 'Категория 5', NULL, NULL),
(6, 'Категория 6', NULL, NULL);

-- --------------------------------------------------------

--
-- Структура таблицы `migrations`
--

CREATE TABLE `migrations` (
  `id` int(10) UNSIGNED NOT NULL,
  `migration` varchar(191) COLLATE utf8mb4_unicode_ci NOT NULL,
  `batch` int(11) NOT NULL
) ENGINE=InnoDB DEFAULT CHARSET=utf8mb4 COLLATE=utf8mb4_unicode_ci;

--
-- Дамп данных таблицы `migrations`
--

INSERT INTO `migrations` (`id`, `migration`, `batch`) VALUES
(1, '2014_10_12_000000_create_users_table', 1),
(2, '2014_10_12_100000_create_password_resets_table', 1),
(3, '2018_10_05_202617_create_categories', 1),
(4, '2018_10_05_202680_create_questions', 1),
(5, '2018_10_05_203005_create_answers', 1),
(6, '2018_10_05_203016_seed_categories', 1),
(7, '2018_10_05_203150_seed_questions', 1),
(8, '2018_10_05_203160_seed_answers', 1),
(9, '2018_10_05_203189_seed_users', 1),
(10, '2018_10_05_203210_add_author_email_field_questions', 1);

-- --------------------------------------------------------

--
-- Структура таблицы `password_resets`
--

CREATE TABLE `password_resets` (
  `email` varchar(191) COLLATE utf8mb4_unicode_ci NOT NULL,
  `token` varchar(191) COLLATE utf8mb4_unicode_ci NOT NULL,
  `created_at` timestamp NULL DEFAULT NULL
) ENGINE=InnoDB DEFAULT CHARSET=utf8mb4 COLLATE=utf8mb4_unicode_ci;

-- --------------------------------------------------------

--
-- Структура таблицы `questions`
--

CREATE TABLE `questions` (
  `id` int(10) UNSIGNED NOT NULL,
  `question` text COLLATE utf8mb4_unicode_ci NOT NULL,
  `category_id` int(11) NOT NULL,
  `author` varchar(191) COLLATE utf8mb4_unicode_ci NOT NULL,
  `author_email` varchar(191) COLLATE utf8mb4_unicode_ci NOT NULL,
  `published` tinyint(1) NOT NULL DEFAULT '0',
  `created_at` timestamp NULL DEFAULT NULL,
  `updated_at` timestamp NULL DEFAULT NULL
) ENGINE=InnoDB DEFAULT CHARSET=utf8mb4 COLLATE=utf8mb4_unicode_ci;

--
-- Дамп данных таблицы `questions`
--

INSERT INTO `questions` (`id`, `question`, `category_id`, `author`, `author_email`, `published`, `created_at`, `updated_at`) VALUES
(1, 'Вопрос 1', 1, 'Anonymous', '', 1, '2018-10-06 19:18:29', '2018-10-06 19:18:29'),
(2, 'Вопрос 2', 1, 'Anonymous', '', 1, '2018-10-06 19:18:29', '2018-10-07 04:54:21'),
(3, 'Вопрос 3', 1, 'Anonymous', '', 1, '2018-10-06 19:18:29', '2018-10-06 19:18:29'),
(4, 'Вопрос 4', 1, 'Anonymous', '', 1, '2018-10-06 19:18:29', '2018-10-06 19:18:29'),
(5, 'Вопрос 5', 2, 'Anonymous', '', 1, '2018-10-06 19:18:29', '2018-10-06 19:18:29'),
(6, 'Вопрос 6', 2, 'Anonymous', '', 1, '2018-10-06 19:18:29', '2018-10-06 19:18:29'),
(7, 'Вопрос 7', 2, 'Anonymous', '', 1, '2018-10-06 19:18:29', '2018-10-06 19:18:29'),
(8, 'Вопрос 8', 3, 'Anonymous', '', 1, '2018-10-06 19:18:29', '2018-10-06 19:18:29'),
(9, 'Вопрос 9', 3, 'Anonymous', '', 1, '2018-10-06 19:18:29', '2018-10-06 19:18:29'),
(10, 'Вопрос 10', 3, 'Anonymous', '', 1, '2018-10-06 19:18:29', '2018-10-06 19:18:29'),
(11, 'Вопрос 11', 3, 'Anonymous', '', 1, '2018-10-06 19:18:29', '2018-10-06 19:18:29'),
(12, 'Вопрос 12', 4, 'Anonymous', '', 1, '2018-10-06 19:18:29', '2018-10-06 19:18:29'),
(13, 'Вопрос 13', 4, 'Anonymous', '', 1, '2018-10-06 19:18:29', '2018-10-06 19:18:29'),
(14, 'Вопрос 14', 4, 'Anonymous', '', 1, '2018-10-06 19:18:29', '2018-10-06 19:18:29'),
(15, 'Вопрос 15', 5, 'Anonymous', '', 1, '2018-10-06 19:18:29', '2018-10-06 19:18:29'),
(16, 'Вопрос 16', 5, 'Anonymous', '', 1, '2018-10-06 19:18:29', '2018-10-06 19:18:29'),
(17, 'Вопрос 17', 5, 'Anonymous', '', 1, '2018-10-06 19:18:29', '2018-10-06 19:18:29'),
(18, 'Вопрос 18', 5, 'Anonymous', '', 1, '2018-10-06 19:18:29', '2018-10-06 19:18:29'),
(19, 'Вопрос 19', 6, 'Anonymous', '', 1, '2018-10-06 19:18:29', '2018-10-06 19:18:29'),
(20, 'Вопрос 20', 6, 'Anonymous', '', 1, '2018-10-06 19:18:29', '2018-10-06 19:18:29'),
(21, 'Вопрос 21', 6, 'Anonymous', '', 1, '2018-10-06 19:18:29', '2018-10-06 19:18:29'),
(22, 'Вопрос 22', 6, 'Anonymous', '', 1, '2018-10-06 19:18:29', '2018-10-06 19:18:29'),
(23, 'Вопрос 23', 6, 'Anonymous', '', 1, '2018-10-06 19:18:29', '2018-10-06 19:18:29'),
(24, 'Вопрос 24', 6, 'Anonymous', '', 1, '2018-10-06 19:18:29', '2018-10-06 19:18:29'),
(25, 'Вопрос 25', 6, 'Anonymous', '', 1, '2018-10-06 19:18:29', '2018-10-06 19:18:29'),
(26, 'Вопрос 26', 6, 'Anonymous', '', 1, '2018-10-06 19:18:29', '2018-10-06 19:18:29'),
(27, 'Вопрос 27', 6, 'Anonymous', '', 1, '2018-10-06 19:18:29', '2018-10-06 19:18:29');

-- --------------------------------------------------------

--
-- Структура таблицы `users`
--

CREATE TABLE `users` (
  `id` int(10) UNSIGNED NOT NULL,
  `name` varchar(191) COLLATE utf8mb4_unicode_ci NOT NULL,
  `email` varchar(191) COLLATE utf8mb4_unicode_ci NOT NULL,
  `password` varchar(191) COLLATE utf8mb4_unicode_ci NOT NULL,
  `remember_token` varchar(100) COLLATE utf8mb4_unicode_ci DEFAULT NULL,
  `created_at` timestamp NULL DEFAULT NULL,
  `updated_at` timestamp NULL DEFAULT NULL
) ENGINE=InnoDB DEFAULT CHARSET=utf8mb4 COLLATE=utf8mb4_unicode_ci;

--
-- Дамп данных таблицы `users`
--

INSERT INTO `users` (`id`, `name`, `email`, `password`, `remember_token`, `created_at`, `updated_at`) VALUES
(1, 'admin', 'admin@mail.com', '$2y$10$QUitWySOOV11yAro/Y.tmej1ORTd8gWvRirIdKXCNBsrQWzApz72q', 'fmNJZ5trsm', '2018-10-06 19:18:29', '2018-10-06 19:18:29');

--
-- Индексы сохранённых таблиц
--

--
-- Индексы таблицы `answers`
--
ALTER TABLE `answers`
  ADD PRIMARY KEY (`id`);

--
-- Индексы таблицы `categories`
--
ALTER TABLE `categories`
  ADD PRIMARY KEY (`id`);

--
-- Индексы таблицы `migrations`
--
ALTER TABLE `migrations`
  ADD PRIMARY KEY (`id`);

--
-- Индексы таблицы `password_resets`
--
ALTER TABLE `password_resets`
  ADD KEY `password_resets_email_index` (`email`);

--
-- Индексы таблицы `questions`
--
ALTER TABLE `questions`
  ADD PRIMARY KEY (`id`);

--
-- Индексы таблицы `users`
--
ALTER TABLE `users`
  ADD PRIMARY KEY (`id`),
  ADD UNIQUE KEY `users_email_unique` (`email`);

--
-- AUTO_INCREMENT для сохранённых таблиц
--

--
-- AUTO_INCREMENT для таблицы `answers`
--
ALTER TABLE `answers`
  MODIFY `id` int(10) UNSIGNED NOT NULL AUTO_INCREMENT, AUTO_INCREMENT=38;

--
-- AUTO_INCREMENT для таблицы `categories`
--
ALTER TABLE `categories`
  MODIFY `id` int(10) UNSIGNED NOT NULL AUTO_INCREMENT, AUTO_INCREMENT=8;

--
-- AUTO_INCREMENT для таблицы `migrations`
--
ALTER TABLE `migrations`
  MODIFY `id` int(10) UNSIGNED NOT NULL AUTO_INCREMENT, AUTO_INCREMENT=11;

--
-- AUTO_INCREMENT для таблицы `questions`
--
ALTER TABLE `questions`
  MODIFY `id` int(10) UNSIGNED NOT NULL AUTO_INCREMENT, AUTO_INCREMENT=45;

--
-- AUTO_INCREMENT для таблицы `users`
--
ALTER TABLE `users`
  MODIFY `id` int(10) UNSIGNED NOT NULL AUTO_INCREMENT, AUTO_INCREMENT=3;
COMMIT;

/*!40101 SET CHARACTER_SET_CLIENT=@OLD_CHARACTER_SET_CLIENT */;
/*!40101 SET CHARACTER_SET_RESULTS=@OLD_CHARACTER_SET_RESULTS */;
/*!40101 SET COLLATION_CONNECTION=@OLD_COLLATION_CONNECTION */;
